signal,available_days,active_pct
SPX_BELOW_SMA20,7546,36.82745825602968
SPX_BELOW_SMA50,7546,33.31566392790883
VIX_ELEVATED,7547,20.007950178879025
HY_WIDEN_21D_50BP,7547,0.4637604346097788
IG_WIDEN_21D_15BP,7547,0.26500596263415926
CURVE_INVERTED,7547,14.90658539817146
CURVE_STEEPEN_AFTER_INVERSION,7547,5.684377898502716
UNRATE_RISING_3M,7547,22.658009805220615
DGS10_FAST_RISE_21D,7547,3.1005697628196636
