strategy,median_cagr,p10_cagr,p90_cagr,median_max_drawdown,p10_max_drawdown,p90_max_drawdown,median_sharpe,median_end_$,prob_max_dd_worse_35pct,prob_max_dd_worse_40pct,prob_max_dd_worse_50pct,median_pct_days_2x,median_pct_days_3x
Lead 0.75 A10/B20 X40/Y15,0.3235879217648311,0.2275888376866021,0.4281689796143619,-0.29485739015630025,-0.4686811780484033,-0.20558842621565313,3.1519568745278206,1481.3706125148638,0.255,0.18,0.075,31.448412698412696,15.952380952380953
Lead 0.75 A5/B25 X40/Y15,0.3444984751039354,0.23412432173514094,0.4604829371604509,-0.28269644792663995,-0.44273849747723226,-0.2188244551222136,3.209164883443637,1723.310112589761,0.23,0.165,0.055,52.97619047619048,8.908730158730158
Original strict SMA20 A10/B20 X25/Y33,0.27918798914818355,0.18987287759153776,0.3886930764131398,-0.31035594802674477,-0.46333890450915466,-0.2070195450981863,3.495779933362882,1065.7386504253877,0.36,0.24,0.06,14.880952380952381,20.039682539682538
