strategy,median_cagr,p10_cagr,p90_cagr,median_max_drawdown,p10_max_drawdown,p90_max_drawdown,median_sharpe,median_end_$,prob_max_dd_worse_35pct,prob_max_dd_worse_40pct,prob_max_dd_worse_50pct,median_pct_days_2x,median_pct_days_3x
Lead 0.75 A10/B20 X40/Y15,0.34388175425436573,0.244559307022976,0.45086687195370007,-0.2863574201452617,-0.3970561824336121,-0.19042654585674637,3.220443500317944,1715.692331047229,0.23,0.1,0.02,30.892857142857146,15.674603174603174
Lead 0.75 A5/B25 X40/Y15,0.3695782718477305,0.26455277306944824,0.5001809434494839,-0.28177235230144443,-0.39716594892519513,-0.18856599599365448,3.26861279598223,2059.8316271473113,0.22,0.1,0.015,53.78968253968254,8.571428571428571
Original strict SMA20 A10/B20 X25/Y33,0.3016734673834284,0.20625130460867258,0.4138207051841426,-0.2895741763495508,-0.4277282100984669,-0.18737083717619818,3.5029744209393394,1261.1692164915862,0.285,0.165,0.025,14.86111111111111,20.654761904761905
