strategy,trigger_a,trigger_b,lead_pct_below_sma20,x_return,y_return,cagr,ann_volatility,sharpe,max_drawdown,end_$,rebalances,trading_costs_total,funding_costs_total,tier2_entries,tier3_entries,lead_only_days,pct_days_cash,pct_days_1x,pct_days_2x,pct_days_3x
Original strict SMA20 A10/B20 X25/Y33,0.1,0.2,0.0,0.25,0.3333333333333333,0.2939071807732214,0.26651366472273896,3.2324703826054373,-0.343715123153074,224886.27532881335,878,347030.44909552886,17261.059054272304,8,5,0,37.07433417251888,26.15608851199152,10.308731946468795,26.460845369020802
Lead 0.75 A10/B20 X40/Y15,0.1,0.2,0.0075,0.4,0.15,0.4074350393914066,0.2938843321969315,3.0761185746243287,-0.31811292808872954,2802012.23601316,769,2518478.2275939034,205473.48304684644,10,4,751,29.614416324367298,14.972836888829999,31.522459255333246,23.890287531469458
Lead 0.75 A5/B25 X40/Y15,0.05,0.25,0.0075,0.4,0.15,0.3909004164600376,0.2787994507129108,3.1644643024985406,-0.2750717334360086,1965782.6671866693,774,2021174.6200080356,129679.22436784019,10,4,751,28.87239962899165,8.996952431429706,48.50934146018285,13.621306479395786
