strategy,median_cagr,p10_cagr,p90_cagr,median_max_drawdown,p10_max_drawdown,p90_max_drawdown,median_sharpe,median_end_$,prob_max_dd_worse_35pct,prob_max_dd_worse_40pct,prob_max_dd_worse_50pct,median_pct_days_2x,median_pct_days_3x
Lead 0.75 A10/B20 X40/Y15,0.3235881015952691,0.2275886775553171,0.42816981211288263,-0.2948573901563004,-0.4686811608255965,-0.205588386594263,3.1519566851527165,1481.372553145328,0.255,0.18,0.075,31.448412698412696,15.952380952380953
Lead 0.75 A5/B25 X40/Y15,0.3444985862305098,0.23412439569493523,0.4604823818864928,-0.2826964479266396,-0.4427384975028232,-0.21882445693643493,3.2091652720850257,1723.311478419964,0.23,0.165,0.055,52.97619047619048,8.908730158730158
Original strict SMA20 A10/B20 X25/Y33,0.2791877601171232,0.18987329309692944,0.3886934747500423,-0.3103561804201614,-0.46333897730788004,-0.2070195450981858,3.4957795756132635,1065.7368090080586,0.36,0.24,0.06,14.880952380952381,20.039682539682538
