strategy,median_cagr,p10_cagr,p90_cagr,median_max_drawdown,p10_max_drawdown,p90_max_drawdown,median_sharpe,median_end_$,prob_max_dd_worse_35pct,prob_max_dd_worse_40pct,prob_max_dd_worse_50pct,median_pct_days_2x,median_pct_days_3x
Lead 0.75 A10/B20 X40/Y15,0.07033235304357055,-0.04147457680225892,0.17226216763306773,-0.5593140836110282,-0.7982102207228957,-0.34092445235126245,0.3088260550215639,192.51302622872237,0.895,0.815,0.605,32.023809523809526,13.353174603174605
Lead 0.75 A5/B25 X40/Y15,0.07185458793314792,-0.03586305064413755,0.1657298260610963,-0.5480597583965817,-0.795308177644253,-0.3801274254620215,0.32777130771531027,195.1678160509123,0.94,0.85,0.59,53.2936507936508,7.777777777777778
Original strict SMA20 A10/B20 X25/Y33,0.05875861953194994,-0.04199108937514378,0.15613431401944558,-0.5127967117770584,-0.7634248104264713,-0.3429110727503396,0.30330240947528375,173.3323787175263,0.885,0.775,0.53,14.94047619047619,18.273809523809522
