strategy,trigger_a,trigger_b,lead_pct_below_sma20,x_return,y_return,cagr,ann_volatility,sharpe,max_drawdown,end_$,rebalances,trading_costs_total,funding_costs_total,tier2_entries,tier3_entries,lead_only_days,pct_days_cash,pct_days_1x,pct_days_2x,pct_days_3x
Original strict SMA20 A10/B20 X25/Y33,0.1,0.2,0.0,0.25,0.3333333333333333,0.08083467715686754,0.2736005125795207,0.41972702293051983,-0.7596071765229273,1028.2826751609002,877,383.3363512309902,0.0,8,5,0,36.96343402225755,26.27186009538951,10.307366189719131,26.45733969263381
Lead 0.75 A10/B20 X40/Y15,0.1,0.2,0.0075,0.4,0.15,0.10991604281708245,0.30115761129844465,0.4776207705419919,-0.8254040292761813,2280.128679796537,769,468.63978959429386,0.0,10,4,749,29.504504504504503,14.984101748807632,31.62427133015368,23.887122416534183
Lead 0.75 A5/B25 X40/Y15,0.05,0.25,0.0075,0.4,0.15,0.09810343826709911,0.28867368329929916,0.45525273737413957,-0.8268955987170747,1654.18790580104,774,421.23370928508126,0.0,10,4,749,28.736089030206678,8.929517753047165,48.71489136195019,13.619501854795974
