strategy,median_cagr,p10_cagr,p90_cagr,median_max_drawdown,p10_max_drawdown,p90_max_drawdown,median_end_$,pct_sims_cagr_gt_0,pct_sims_dd_worse_50
Buy & hold 1x,0.1448569250181102,0.0742375534992777,0.21086729166178478,-0.31041557653542395,-0.4482524173184272,-0.22372610183595726,368.98124826785215,99.8,3.5999999999999996
Buy & hold 2x,0.1658990371603698,0.029201160991726326,0.30700668757595484,-0.5826758089909124,-0.7658968097448172,-0.4449008811918485,435.48674012860107,94.39999999999999,75.6
Buy & hold 3x,0.1541614525761562,-0.026162890709148477,0.373357873341095,-0.7774280850223785,-0.9167604323204034,-0.6146508155151278,390.9827090684503,84.0,99.6
Guarded A10/B20 SMA20,0.3041792654416372,0.20256702546348257,0.41747364607968396,-0.2810189182063169,-0.421005097013183,-0.17849184538007448,1284.5373196460773,100.0,3.0
SMA20 1x/cash,0.2068627045046797,0.15419700591570726,0.2613609549337454,-0.11651924806331149,-0.1600067833174011,-0.09012853518144717,607.7277758107357,100.0,0.0
SMA20 2x/cash,0.32295161768860614,0.2076960833302279,0.45119808175171705,-0.24698365446275822,-0.3339066393665129,-0.1904599674225501,1474.506646296262,100.0,0.4
SMA20 3x/cash,0.4335486205295598,0.24896945028444498,0.6444029085112448,-0.3710701571776377,-0.4945400691131176,-0.28509472704843786,3200.0716718949416,100.0,8.799999999999999
