trading_cost_pct,tiered_cagr,binary_cagr,tiered_wins,cagr_delta
0.005,1.6566471861810945,2.243711891751496,False,-0.5870647055704015
0.01,0.8994780300934773,1.1484646115780501,False,-0.24898658148457287
0.015,0.35306207124144895,0.4150605770024398,False,-0.06199850576099086
0.02,0.024351717745987767,0.008388110466092114,True,0.015963607279895653
