{
  "best_binary_key": "binary_guarded_any_invested",
  "tiered_wins_pct": 0.002,
  "mean_cagr_delta_tiered_minus_binary": -0.3351823436353338,
  "ci95_low": -0.612272112397667,
  "ci95_high": -0.11856586106722525
}