{
  "tiered_median_cagr": 0.8664255143790068,
  "binary_median_cagr": 1.2337773700703765,
  "tiered_wins_pct": 0.02,
  "tiered_median_end": 40847.0194057022,
  "binary_median_end": 231310.2466370419
}