asset,variant,cagr_delta_vs_tiered,dd_delta_vs_tiered,end_ratio
SPX,tiered_cap_1x,-0.16318414071239684,0.10267864748197866,0.022336765052564996
SPX,tiered_cap_2x,-0.03107621366336022,0.03624877619584041,0.5026923896513974
SPX,tiered_skip_2x,0.07222003085817041,-0.11029635723276165,4.664442353013198
SPX,binary_guarded_any_invested,0.08002621444409641,-0.2018165790097079,5.483721099863234
NDX,tiered_cap_1x,-0.4787348617725735,0.2478507914652618,0.00016479991792783892
NDX,tiered_cap_2x,-0.165666799044617,0.07095198265684938,0.06474241189591028
NDX,tiered_skip_2x,0.13527217052662932,-0.12432505026098839,7.873757941737927
NDX,binary_guarded_any_invested,0.24898658148457287,-0.12432505028456975,40.23446288509128
