strategy,cagr,ann_volatility,sharpe,sortino,max_drawdown,calmar,end_$,rebalances,trading_costs_total,funding_costs_total,win_rate,profit_factor,beta,alpha,pct_days_cash,pct_days_1x,pct_days_2x,pct_days_3x,avg_leverage,total_trades
Buy & Hold SPY 1x,0.11401030929805356,0.19132967877493434,0.5170763546280431,0.6639338135118172,-0.536577031271271,0.21247705856498858,2546.3661154389374,2,0.19990000000000002,0.0,0.5383901339344914,1.1020527349063642,nan,nan,0.0,100.0,0.0,0.0,1.0,0
Buy & Hold SSO 2x,0.15196408761010316,0.3770006224014424,0.48554043250672474,0.6254837032260392,-0.8507840782753676,0.17861651562421219,6955.256770132367,2,0.2998,0.0,0.5398618123837364,1.0951211727909584,nan,nan,0.0,0.0,100.0,0.0,2.0,0
Buy & Hold UPRO 3x,0.15432328641045667,0.5716806017649456,0.448818725207801,0.5752318933144296,-0.9749083326172677,0.1582951763230455,7395.415614572029,2,0.39970000000000006,0.0,0.5360509892444563,1.0880846895620542,nan,nan,0.0,0.0,0.0,100.0,3.0,0
SMA200 ±3% Band 3x,0.1997245024201757,0.35248817289840245,0.6521217664544982,0.7212860625552977,-0.5318686177778988,0.37551473379761985,23521.773610454286,32,425.08581432745734,0.0,0.6761348553225378,1.1433423499940405,nan,nan,28.779647542069696,0.0,0.0,100.0,3.0,31
SMA200 ±3% Band 2x,0.16549790676770249,0.23501282623061837,0.6964066063521542,0.7695105110078854,-0.38426138786166286,0.4306909619222086,9873.137328421177,32,146.89392826678932,0.0,0.6792402709523178,1.153707727388128,nan,nan,28.779647542069696,0.0,100.0,0.0,2.0,31
SMA200 ±3% Band 1x/cash,0.11117568535228495,0.11813404368707685,0.752006270315987,0.8349799022401299,-0.1968359827194524,0.5648138303591682,2359.032975815402,32,25.952948333334945,0.0,0.6769618239660657,1.166256614309055,nan,nan,28.779647542069696,71.2203524579303,0.0,0.0,1.0,31
SMA200 ±3% Band 1x/cash,0.11117568535228495,0.11813404368707685,0.752006270315987,0.8349799022401299,-0.1968359827194524,0.5648138303591682,2359.032975815402,32,25.952948333334945,0.0,0.6769618239660657,1.166256614309055,nan,nan,28.779647542069696,71.2203524579303,0.0,0.0,1.0,31
