strategy,cagr,ann_volatility,sharpe,max_drawdown,end_$,rebalances,pct_days_cash,calmar,trading_costs_total,funding_costs_total,pct_days_1x,pct_days_2x,pct_days_3x,tier2_entries,tier3_entries,lead_only_days,guard_blocked_days,pct_cash
Buy & hold (always in 3BAL),0.20565409827124936,0.8594529792799487,0.3892740221842759,-0.9754238057694905,857.212437763348,0,0.0,,,,,,,,,,,
SMA20 1x/cash,3.8078576092662866,0.5123639520840253,3.8690676989393475,-0.3394478141899584,6759430043.607031,376,46.95328368314151,,,,,,,,,,,
Guarded A5/B25 SMA20 Lead (max 1x),3.608421848382376,0.523989028847974,3.721226810674932,-0.3394478141899585,4154681261.909638,380,43.39878131347326,10.63026980154029,758467763.9151675,0.0,56.60121868652674,0.0,0.0,3.0,2.0,105.0,1281.0,43.39878131347326
