strategy,cagr,ann_volatility,sharpe,max_drawdown,end_$,rebalances,pct_days_cash,calmar,trading_costs_total,funding_costs_total,pct_days_1x,pct_days_2x,pct_days_3x,tier2_entries,tier3_entries,lead_only_days
Buy & hold 1x,0.1622898237390824,0.27173855410377096,0.6145078649777169,-0.8162314270269476,9102.586838003093,0,0.0,,,,,,,,,
Buy & hold 2x,0.19245190425202718,0.5218028158517296,0.48374040228889154,-0.9927051698412007,19433.33837159085,1,0.0,,,,,,,,,
Buy & hold 3x,0.1727872158817083,0.8026892194978396,0.29008553036755297,-0.9997140217704791,11682.035052603653,1,0.0,,,,,,,,,
SMA20 1x/cash,0.4138272455405494,0.1677864647253312,3.880273582446689,-0.12135601452628506,3212979.4535472365,880,38.208797032326444,,,,,,,,,
SMA20 2x/cash,0.7736522916297353,0.32907532454442834,3.704850370050521,-0.2602404341731795,2888468783.490782,880,38.208797032326444,,,,,,,,,
SMA20 3x/cash,1.1347361904314504,0.49993032506286783,3.5569980465374758,-0.45029033588445144,749219436520.701,880,38.208797032326444,,,,,,,,,
Guarded A5/B25 SMA20 Lead,0.8994780559223472,0.4401315725930008,3.1957327715691712,-0.3551050411675638,22569364237.957912,825,31.319554848966614,2.53299151418667,25090407437.571365,0.0,5.140434552199258,31.465288818229997,32.07472178060413,13.0,3.0,559.0
Original Guarded A10/B20 SMA20,0.8240672283270427,0.41073112865411093,3.3526753195648444,-0.3851320522526012,6695582741.260997,889,38.208797032326444,2.139700457303283,5626987288.66961,0.0,19.81981981981982,5.988341282458929,35.9830418653948,8.0,3.0,0.0
