{
  "baseline_guarded": {
    "cagr": 0.1857035477218163,
    "sharpe": 3.1758361716798658,
    "max_drawdown": -0.21624578345293655,
    "calmar": 0.8587614738958949,
    "end_$": 7963.241711086046
  },
  "baselines_all": {
    "buy_hold": {
      "cagr": 0.1417021767630089,
      "sharpe": 0.6987941793906342,
      "max_drawdown": -0.41607983364672635
    },
    "sma20": {
      "cagr": 0.19222587412644154,
      "sharpe": 3.608646946488487,
      "max_drawdown": -0.23419402667363026
    }
  },
  "variant_count": 60,
  "beats_guarded_all_three_count": 0,
  "best_overall_by_sharpe": {
    "strategy": "Guarded ATR trail k=1.5 (entry>SMA20)",
    "family": "atr_trail",
    "cagr": 0.18468566252762164,
    "sharpe": 3.2838918789077516,
    "max_drawdown": -0.2163713241578579,
    "beats_guarded_all_three": false
  },
  "best_overall_by_cagr": {
    "strategy": "Guarded sell buffer X=-0.009",
    "family": "sell_buffer",
    "cagr": 0.19139790358903652,
    "sharpe": 3.0030084520930433,
    "max_drawdown": -0.20133467119402024,
    "beats_guarded_all_three": false
  },
  "best_overall_by_calmar": {
    "strategy": "Guarded sell buffer X=-0.019",
    "cagr": 0.1883578346247008,
    "sharpe": 2.19879879477972,
    "max_drawdown": -0.1926354456315868,
    "calmar": 0.9777942683764083
  },
  "best_beating_guarded_all_three": null,
  "best_per_family": {
    "atr_trail": {
      "variant_id": "atr_k1.5",
      "strategy": "Guarded ATR trail k=1.5 (entry>SMA20)",
      "cagr": 0.18468566252762164,
      "sharpe": 3.2838918789077516,
      "max_drawdown": -0.2163713241578579,
      "calmar": 0.8535588680544407,
      "beats_guarded_all_three": false
    },
    "longer_sma": {
      "variant_id": "sma30_simple",
      "strategy": "SMA30 1x/cash",
      "cagr": 0.1703317963148585,
      "sharpe": 2.9681749500565986,
      "max_drawdown": -0.2061103884271952,
      "calmar": 0.8264105347364631,
      "beats_guarded_all_three": false
    },
    "dual_timeframe": {
      "variant_id": "weekly_sma20_gate",
      "strategy": "Guarded + weekly>SMA20 gate",
      "cagr": 0.1872418391048667,
      "sharpe": 3.171278966976872,
      "max_drawdown": -0.21645342048408175,
      "calmar": 0.8650444917253534,
      "beats_guarded_all_three": false
    },
    "vol_scaled": {
      "variant_id": "vol_q4_scale0.75",
      "strategy": "Guarded vol-scale 0.75x in top Q4",
      "cagr": 0.1787985198542552,
      "sharpe": 3.165583994289241,
      "max_drawdown": -0.2153711639104444,
      "calmar": 0.8301878329849357,
      "beats_guarded_all_three": false
    },
    "sell_buffer": {
      "variant_id": "buf_0p0%",
      "strategy": "Guarded sell buffer X=0.000",
      "cagr": 0.1857035477218163,
      "sharpe": 3.1758361716798658,
      "max_drawdown": -0.21624578345293655,
      "calmar": 0.8587614738958949,
      "beats_guarded_all_three": false
    },
    "donchian": {
      "variant_id": "breakout_trail2.0",
      "strategy": "Guarded Donchian+ATR trail k=2.0",
      "cagr": 0.18739388615074803,
      "sharpe": 3.189227981163665,
      "max_drawdown": -0.2163941746681892,
      "calmar": 0.8659839685522537,
      "beats_guarded_all_three": false
    },
    "profit_skim": {
      "variant_id": "skim_30_cash",
      "strategy": "Guarded profit skim 30% -> cash",
      "cagr": 0.1857035477218163,
      "sharpe": 3.1758361716798658,
      "max_drawdown": -0.21624578345293655,
      "calmar": 0.8587614738958949,
      "beats_guarded_all_three": false
    },
    "combined": {
      "variant_id": "combo_atr2_buf09",
      "strategy": "Guarded ATR2 + buffer -0.9%",
      "cagr": 0.186080766775363,
      "sharpe": 3.225946537593861,
      "max_drawdown": -0.21635550214173538,
      "calmar": 0.8600694918008636,
      "beats_guarded_all_three": false
    },
    "chandelier_hwm": {
      "variant_id": "roll_chand_k3.0",
      "strategy": "Guarded chandelier roll20 k=3.0",
      "cagr": 0.18358480251161424,
      "sharpe": 2.7736311520847963,
      "max_drawdown": -0.219228887921456,
      "calmar": 0.8374115485062712,
      "beats_guarded_all_three": false
    },
    "chandelier_entry": {
      "variant_id": "entry_chand_k1.5",
      "strategy": "Guarded entry-HWM chandelier k=1.5",
      "cagr": 0.18716384774093564,
      "sharpe": 3.2669852557150003,
      "max_drawdown": -0.21652886268661034,
      "calmar": 0.8643829068267186,
      "beats_guarded_all_three": false
    },
    "asymmetric_ma": {
      "variant_id": "sma20_buy_sma50_exit",
      "strategy": "Guarded SMA20 in / SMA50 out",
      "cagr": 0.15956225767891885,
      "sharpe": 2.4080230096620445,
      "max_drawdown": -0.2614474210999776,
      "calmar": 0.6103034292998522,
      "beats_guarded_all_three": false
    }
  },
  "top_20_by_sharpe": [
    {
      "family": "atr_trail",
      "variant_id": "atr_k1.5",
      "strategy": "Guarded ATR trail k=1.5 (entry>SMA20)",
      "cagr": 0.18468566252762164,
      "sharpe": 3.2838918789077516,
      "max_drawdown": -0.2163713241578579,
      "calmar": 0.8535588680544407,
      "end_$": 7789.016357513986,
      "beats_guarded_all_three": false,
      "cagr_pct": "18.47%",
      "max_dd_pct": "-21.64%"
    },
    {
      "family": "chandelier_entry",
      "variant_id": "entry_chand_k1.5",
      "strategy": "Guarded entry-HWM chandelier k=1.5",
      "cagr": 0.18716384774093564,
      "sharpe": 3.2669852557150003,
      "max_drawdown": -0.21652886268661034,
      "calmar": 0.8643829068267186,
      "end_$": 8219.74807661849,
      "beats_guarded_all_three": false,
      "cagr_pct": "18.72%",
      "max_dd_pct": "-21.65%"
    },
    {
      "family": "combined",
      "variant_id": "combo_atr2_buf09",
      "strategy": "Guarded ATR2 + buffer -0.9%",
      "cagr": 0.186080766775363,
      "sharpe": 3.225946537593861,
      "max_drawdown": -0.21635550214173538,
      "calmar": 0.8600694918008636,
      "end_$": 8028.754451083308,
      "beats_guarded_all_three": false,
      "cagr_pct": "18.61%",
      "max_dd_pct": "-21.64%"
    },
    {
      "family": "donchian",
      "variant_id": "breakout_trail2.0",
      "strategy": "Guarded Donchian+ATR trail k=2.0",
      "cagr": 0.18739388615074803,
      "sharpe": 3.189227981163665,
      "max_drawdown": -0.2163941746681892,
      "calmar": 0.8659839685522537,
      "end_$": 8260.87226713692,
      "beats_guarded_all_three": false,
      "cagr_pct": "18.74%",
      "max_dd_pct": "-21.64%"
    },
    {
      "family": "combined",
      "variant_id": "combo_atr25_buf09",
      "strategy": "Guarded ATR2.5 + buffer -0.9%",
      "cagr": 0.18881165968573943,
      "sharpe": 3.179795204011726,
      "max_drawdown": -0.2164976048402409,
      "calmar": 0.8721189309464572,
      "end_$": 8518.728376858704,
      "beats_guarded_all_three": false,
      "cagr_pct": "18.88%",
      "max_dd_pct": "-21.65%"
    },
    {
      "family": "sell_buffer",
      "variant_id": "buf_0p0%",
      "strategy": "Guarded sell buffer X=0.000",
      "cagr": 0.1857035477218163,
      "sharpe": 3.1758361716798658,
      "max_drawdown": -0.21624578345293655,
      "calmar": 0.8587614738958949,
      "end_$": 7963.241711086046,
      "beats_guarded_all_three": false,
      "cagr_pct": "18.57%",
      "max_dd_pct": "-21.62%"
    },
    {
      "family": "profit_skim",
      "variant_id": "skim_30_cash",
      "strategy": "Guarded profit skim 30% -> cash",
      "cagr": 0.1857035477218163,
      "sharpe": 3.1758361716798658,
      "max_drawdown": -0.21624578345293655,
      "calmar": 0.8587614738958949,
      "end_$": 7963.241711086046,
      "beats_guarded_all_three": false,
      "cagr_pct": "18.57%",
      "max_dd_pct": "-21.62%"
    },
    {
      "family": "profit_skim",
      "variant_id": "skim_30_half",
      "strategy": "Guarded profit skim 30% -> half",
      "cagr": 0.1857035477218163,
      "sharpe": 3.1758361716798658,
      "max_drawdown": -0.21624578345293655,
      "calmar": 0.8587614738958949,
      "end_$": 7963.241711086046,