strategy,cagr,ann_volatility,sharpe,max_drawdown,end_$,rebalances,pct_days_cash,calmar,trading_costs_total,funding_costs_total,pct_days_1x,pct_days_2x,pct_days_3x,tier2_entries,tier3_entries,lead_only_days,guard_blocked_days,pct_cash
Buy & hold (always in 3x ETP),0.45251152930418836,0.5633921424976549,0.9050835959563664,-0.7912873611837571,15441.136840752684,2,0.0,,,,,,,,,,,
SMA20 1x/cash,0.29556870636003274,0.38188472538257934,0.8356416509202568,-0.4810184217933158,3297.0682860369393,371,36.23733719247467,,,,,,,,,,,
Guarded A5/B25 SMA20 Lead (max 1x),0.36244197321361127,0.39173170595008544,0.9497301151015825,-0.5068020033524225,6505.375894642196,331,33.31403762662807,0.7151549733744335,495.2210560817554,0.0,66.68596237337192,0.0,0.0,22.0,12.0,114.0,1108.0,33.34298118668596
