strategy,cagr,ann_volatility,sharpe,max_drawdown,end_$,rebalances,pct_days_cash,calmar,trading_costs_total,funding_costs_total,pct_days_1x,pct_days_2x,pct_days_3x,tier2_entries,tier3_entries,lead_only_days,guard_blocked_days,pct_cash
Buy & hold (always in 3x ETP),0.4567732727533156,0.5623865071361949,0.910622578551426,-0.7912877989825838,15882.785588403705,0,0.0,,,,,,,,,,,
SMA20 1x/cash,2.0891288977837856,0.3633046730863574,3.9597277512889315,-0.25748656414323595,392497740.94266945,370,36.14737452857557,,,,,,,,,,,
Guarded A5/B25 SMA20 Lead (max 1x),2.186042576315642,0.3717097798184866,3.8826560188168906,-0.22232116630274426,595041947.8083568,330,33.246301131418626,9.832813549290282,113421999.67671554,0.0,66.75369886858138,0.0,0.0,22.0,12.0,113.0,1103.0,33.246301131418626
