strategy,category,trail_level,cap,n_sims,median_cagr,p10_cagr,p5_cagr,median_max_drawdown,p10_max_drawdown,p5_max_drawdown,prob_max_dd_worse_30pct,prob_max_dd_worse_35pct,prob_max_dd_worse_40pct,prob_beats_baseline_cagr_by_sim,prob_improves_baseline_dd_by_sim,prob_underperforms_cagr_materially_by_sim,median_cagr_delta_pp_by_sim,median_dd_improvement_pp_by_sim,p10_dd_improvement_pp_by_sim,p5_dd_improvement_pp_by_sim
Baseline Guarded A5/B25/X40/Y15 Lead 0.75,Baseline,,,1000,0.3699146508081149,0.26615199243990323,0.23264964673730573,-0.2671580051675481,-0.3847743847772519,-0.42912617212199944,0.334,0.173,0.083,,,,,,,
strategy_equity recovery trail 10%: cap recovery to 1x,Recovery-tier trailing stop,0.1,1.0,1000,0.37121696468290266,0.2702630659092955,0.23678427746880748,-0.2629208650548457,-0.3778106202173294,-0.4232576068370078,0.308,0.154,0.076,0.501,0.41,0.021,0.003926660999120646,0.0,-0.014193562917134686,-0.05988960908479418
strategy_equity recovery trail 5%: cap recovery to 1x,Recovery-tier trailing stop,0.05,1.0,1000,0.37276173266409296,0.2671660815364293,0.2403110711462788,-0.2422142556093691,-0.3398919236754517,-0.370681240318987,0.198,0.082,0.031,0.516,0.888,0.14,0.09095906562199829,2.111835115232158,0.0,-0.08726231444558513
strategy_equity recovery trail 7.5%: cap recovery to 1x,Recovery-tier trailing stop,0.075,1.0,1000,0.37551174224686457,0.26792995585097223,0.23525070255774627,-0.2588326602391774,-0.3604406249650873,-0.4081185987719548,0.282,0.126,0.059,0.611,0.65,0.055,0.35233332784295746,0.024495564394302893,-0.03222113010729887,-0.15281291136196917
