strategy,category,median_cagr,p10_cagr,p90_cagr,median_max_drawdown,p10_max_drawdown,p90_max_drawdown,median_sharpe,median_end_$,prob_beats_baseline_cagr_by_sim,prob_improves_baseline_dd_by_sim,prob_max_dd_worse_35pct,prob_max_dd_worse_40pct
Baseline Guarded A5/B25/X40/Y15 Lead 0.75,Baseline,0.37556253844458587,0.2847958994044253,0.5131217485991436,-0.2644465846568215,-0.3643574156384317,-0.18578491189123109,3.271060933241539,2148.340532734518,,,0.15,0.058333333333333334
strategy_equity recovery trail 5%: cap recovery to 1x,Recovery-tier trailing stop,0.3806459620929098,0.2853883041778402,0.4924954755503492,-0.22919939472238798,-0.31650391458051175,-0.16930337235842688,3.6523465028534536,2226.2015458186643,0.5583333333333333,0.95,0.06666666666666667,0.016666666666666666
