strategy,category,trail_level,cap,reset_rule,median_cagr,p10_cagr,p90_cagr,median_max_drawdown,p10_max_drawdown,p90_max_drawdown,median_sharpe,median_end_$,prob_max_dd_worse_30pct,prob_max_dd_worse_35pct,prob_max_dd_worse_40pct,prob_beats_baseline_cagr_by_sim,prob_improves_baseline_dd_by_sim
Baseline Guarded A5/B25/X40/Y15 Lead 0.75,Baseline,,,,0.3654404405419658,0.254962633226083,0.49111425580740736,-0.27609879950243466,-0.38962591019774406,-0.19429100781890835,3.2618072353252083,2000.525392382589,0.372,0.212,0.09,,
strategy_equity recovery trail 10%: cap recovery to 1x,Recovery-tier trailing stop,0.1,1.0,recovery_reset,0.3664287893594418,0.2564716284665363,0.4946408185409635,-0.27243354357996985,-0.383957466258242,-0.19303324016568552,3.333975278840909,2014.5361536096884,0.348,0.188,0.078,0.514,0.39
strategy_equity recovery trail 5%: cap recovery to 1x,Recovery-tier trailing stop,0.05,1.0,recovery_reset,0.36575032902208215,0.2606203277483512,0.490689422753823,-0.24845459079391713,-0.3449191939790962,-0.1787441162282507,3.6452375803455923,2004.903737827967,0.238,0.084,0.032,0.552,0.908
strategy_equity recovery trail 7.5%: cap recovery to 1x,Recovery-tier trailing stop,0.075,1.0,recovery_reset,0.3675499671567477,0.2601908237802496,0.49895555239296563,-0.26543698495592405,-0.3741794518808336,-0.1898165558516232,3.412874904074333,2030.5456229768236,0.322,0.16,0.066,0.59,0.68
