strategy,cagr,ann_volatility,sharpe,max_drawdown,end_$,rebalances,pct_days_cash,calmar,trading_costs_total,funding_costs_total,pct_days_1x,pct_days_2x,pct_days_3x,tier2_entries,tier3_entries,lead_only_days
Buy & hold 1x,0.12949219222835517,0.19308473866614945,0.6025216089576764,-0.5244833458411189,3852.126288118425,2,0.0,,,,,,,,,
Buy & hold 2x,0.15148622387682242,0.37691300257910376,0.4849743424423467,-0.8512147840949402,6869.2384287619625,2,0.0,,,,,,,,,
Buy & hold 3x,0.15350739249804302,0.5715464236135991,0.44819062886196087,-0.9750752726361519,7240.231388117084,2,0.0,,,,,,,,,
SMA20 1x/cash,0.06112604711034164,0.11384186785292326,0.43366110701964905,-0.39385517524078556,592.1045212778345,867,36.96833178746522,,,,,,,,,
SMA20 2x/cash,0.06654195873727908,0.22441878595488526,0.40325967034719024,-0.7180811217411003,689.7827979074913,867,36.96833178746522,,,,,,,,,
SMA20 3x/cash,0.06198465748629034,0.3398378294046967,0.33018389331529013,-0.9269261305481333,606.644122801854,867,36.96833178746522,,,,,,,,,
Guarded A5/B25 SMA20 Lead,0.09810343061861948,0.28869273999426104,0.4552830570940288,-0.8268954931237755,1654.187560228827,774,28.739896647674573,0.1186406643093587,421.2337552456337,0.0,8.930700940771167,48.70809593215847,13.621306479395786,10.0,4.0,749.0
Original Guarded A10/B20 SMA20,0.08083446384385318,0.27361864141217057,0.4197537426267733,-0.7596078354422701,1028.276588326084,877,36.96833178746522,0.10641604795557243,383.334993425236,0.0,26.26209089704518,10.308731946468795,26.460845369020802,8.0,5.0,0.0
