strategy,cagr,ann_volatility,sharpe,max_drawdown,calmar,end_$,rebalances,trading_costs_total,funding_costs_total,pct_days_cash,pct_days_1x,pct_days_2x,pct_days_3x,tier2_entries,tier3_entries,lead_only_days
Guarded A5/B25 SMA20 Lead,0.09810343061861948,0.28869273999426104,0.4552830570940288,-0.8268954931237755,0.1186406643093587,1654.187560228827,774,421.2337552456337,0.0,28.739896647674573,8.930700940771167,48.70809593215847,13.621306479395786,10,4,749
