strategy,cagr,ann_volatility,sharpe,max_drawdown,end_$,rebalances,pct_days_cash,calmar,trading_costs_total,funding_costs_total,pct_days_1x,pct_days_2x,pct_days_3x,tier2_entries,tier3_entries,lead_only_days
Buy & hold 1x,0.1294922007779018,0.19308469722529367,0.6025217836441983,-0.5244832219999843,3852.127162664255,2,0.0,,,,,,,,,
Buy & hold 2x,0.1514862262865715,0.37691298328448153,0.48497435974922415,-0.8512147707451412,6869.238859927295,2,0.0,,,,,,,,,
Buy & hold 3x,0.1535073932859814,0.5715464520847156,0.44819064180193696,-0.9750752726361519,7240.231536453065,2,0.0,,,,,,,,,
SMA20 1x/cash,0.06112604711034164,0.11384186785292326,0.43366110701964905,-0.39385517524078556,592.1045212778345,867,36.96833178746522,,,,,,,,,
SMA20 2x/cash,0.06654201997532017,0.22441876273547834,0.4032599123617668,-0.7180809693752341,689.7839858029497,867,36.96833178746522,,,,,,,,,
SMA20 3x/cash,0.061984648372255924,0.3398378432095054,0.3301839685288967,-0.9269261305481333,606.6439666495083,867,36.96833178746522,,,,,,,,,
Guarded A5/B25 SMA20 Lead,0.09810349524442596,0.28869274945930534,0.4552832904850973,-0.8268955190349039,1654.1904801424641,774,28.739896647674573,0.11864073874644487,421.23407171482324,0.0,8.930700940771167,48.70809593215847,13.621306479395786,10.0,4.0,749.0
Original Guarded A10/B20 SMA20,0.08083445578172,0.27361860364490803,0.419753538108377,-0.7596077917129914,1028.2763582757595,877,36.96833178746522,0.10641604346820907,383.3348764431135,0.0,26.26209089704518,10.308731946468795,26.460845369020802,8.0,5.0,0.0
