strategy,windows,median_cagr,worst_cagr,median_max_drawdown,worst_max_drawdown,median_sharpe,pct_windows_cagr_gt_0,pct_windows_dd_worse_50
Buy & hold 1x,26,0.15014841432324133,0.01682535629501647,-0.3392496000265327,-0.49041439674108456,0.6022484403906282,100.0,0.0
Buy & hold 2x,26,0.17962461236406446,-0.10294665341209575,-0.5927608487781136,-0.8108853614390745,0.5423680920425535,76.92307692307693,61.53846153846154
Buy & hold 3x,26,0.19912771261223694,-0.2440864504232434,-0.7679482992990049,-0.9365495690545402,0.5225731847411617,65.38461538461539,88.46153846153845
Guarded A10/B20 SMA20,26,0.33434525038960916,0.07199274862793903,-0.19728518234444115,-0.3294318036754917,3.1682645875045488,100.0,0.0
SMA20 1x/cash,26,0.20698688434067536,0.06927591930781496,-0.10376016074098704,-0.16919120234237042,3.9227068901464337,100.0,0.0
SMA20 2x/cash,26,0.30241927458978557,0.05385947538112856,-0.21815529816623674,-0.3151107063003931,3.7959936429954073,100.0,0.0
SMA20 3x/cash,26,0.3971167699618504,0.031199259232847165,-0.31619796078937956,-0.4388556983002632,3.7462639737223595,100.0,0.0
